Workbook

Sheet Inventario
A1: Inventario de talento · Conexion RedJIV
A2: Primer encuentro (19 jun 2026). Personas unicas, registros duplicados consolidados. Pais y afiliacion inferidos de dominio de correo y codigo telefonico (aproximado).
A4: # | B4: Nombre | C4: Area de conocimiento (declarada) | D4: Cluster | E4: Pais (aprox.) | F4: Afiliacion | G4: Presento idea
A5: 1 | B5: Cherry Andrea Rojas | C5: Botanica, briologia, ecologia de briofitas | D5: Biologia y ecologia | E5: Brasil | F5: - | G5: Si
A6: 2 | B6: Jhon Espinoza | C6: Biologia | D6: Biologia y ecologia | E6: Venezuela | F6: - | G6: Si
A7: 3 | B7: Maria Gabriela Gutierrez | C7: Biologia | D7: Biologia y ecologia | E7: Venezuela | F7: - | G7: No
A8: 4 | B8: Mariana Gelambi Desiato | C8: Zoologia, interaccion planta-animal, ecologia quimica, estadistica | D8: Biologia y ecologia | E8: EE. UU. | F8: Virginia Tech | G8: Si
A9: 5 | B9: Moises Escalona | C9: Zoologia, evolucion, bioacustica | D9: Biologia y ecologia | E9: Brasil | F9: - | G9: Si
A10: 6 | B10: Diego Baptista | C10: Ciencias de la computacion | D10: Computo, datos e infraestructura | E10: Austria | F10: TU Graz | G10: Si
A11: 7 | B11: Jose Hugo Garcia Aguilar | C11: IA, materiales avanzados, emprendimiento | D11: Computo, datos e infraestructura | E11: Espana | F11: ICN2 / Apeiron Agents | G11: Si
A12: 8 | B12: Luis Montilla | C12: Ciencias biologicas; infraestructura academica abierta | D12: Computo, datos e infraestructura | E12: Espana | F12: Crossref | G12: Si
A13: 9 | B13: Arturo Sanchez Pineda | C13: Fisica; computacion cientifica | D13: Fisica y sistemas complejos | E13: Suiza | F13: INAIT / CERN (assoc.) | G13: Si
A14: 10 | B14: Barbara Montanes | C14: Fisica | D14: Fisica y sistemas complejos | E14: Venezuela | F14: - | G14: Si
A15: 11 | B15: Camilo las Heras | C15: Fisica teorica de altas energias | D15: Fisica y sistemas complejos | E15: Chile | F15: - | G15: Si
A16: 12 | B16: David Bellorin | C16: Fisica | D16: Fisica y sistemas complejos | E16: Venezuela | F16: USB | G16: No
... A52: 48 | B52: Soriuska Mayora | C52: Inmunologia | D52: Salud y biomedicina | E52: Venezuela | F52: - | G52: Si

Sheet Resumen por cluster
A1: Capacidades de la red por cluster
A3: Cluster | B3: Personas | C3: % del total | D3: Presentaron idea
A4: Biologia y ecologia | B4: =COUNTIF(Inventario!$D$5:$D$52,A4) -> 5 | C4: =B4/$B$13 -> 0.10416667 | D4: =COUNTIFS(Inventario!$D$5:$D$52,A4,Inventario!$G$5:$G$52,"Si") -> 4
A5: Computo, datos e infraestructura | B5: =COUNTIF(Inventario!$D$5:$D$52,A5) -> 3 | C5: =B5/$B$13 -> 0.0625 | D5: =COUNTIFS(Inventario!$D$5:$D$52,A5,Inventario!$G$5:$G$52,"Si") -> 3
A6: Fisica y sistemas complejos | B6: =COUNTIF(Inventario!$D$5:$D$52,A6) -> 10 | C6: =B6/$B$13 -> 0.20833333 | D6: =COUNTIFS(Inventario!$D$5:$D$52,A6,Inventario!$G$5:$G$52,"Si") -> 9
A7: Geociencias | B7: =COUNTIF(Inventario!$D$5:$D$52,A7) -> 3 | C7: =B7/$B$13 -> 0.0625 | D7: =COUNTIFS(Inventario!$D$5:$D$52,A7,Inventario!$G$5:$G$52,"Si") -> 2
A8: Ingenieria y control | B8: =COUNTIF(Inventario!$D$5:$D$52,A8) -> 1 | C8: =B8/$B$13 -> 0.020833333 | D8: =COUNTIFS(Inventario!$D$5:$D$52,A8,Inventario!$G$5:$G$52,"Si") -> 1
A9: Matematicas | B9: =COUNTIF(Inventario!$D$5:$D$52,A9) -> 2 | C9: =B9/$B$13 -> 0.041666667 | D9: =COUNTIFS(Inventario!$D$5:$D$52,A9,Inventario!$G$5:$G$52,"Si") -> 1
A10: Paleontologia | B10: =COUNTIF(Inventario!$D$5:$D$52,A10) -> 1 | C10: =B10/$B$13 -> 0.020833333 | D10: =COUNTIFS(Inventario!$D$5:$D$52,A10,Inventario!$G$5:$G$52,"Si") -> 1
A11: Quimica y materiales | B11: =COUNTIF(Inventario!$D$5:$D$52,A11) -> 14 | C11: =B11/$B$13 -> 0.29166667 | D11: =COUNTIFS(Inventario!$D$5:$D$52,A11,Inventario!$G$5:$G$52,"Si") -> 12
A12: Salud y biomedicina | B12: =COUNTIF(Inventario!$D$5:$D$52,A12) -> 9 | C12: =B12/$B$13 -> 0.1875 | D12: =COUNTIFS(Inventario!$D$5:$D$52,A12,Inventario!$G$5:$G$52,"Si") -> 7
A13: TOTAL | B13: =SUM(B4:B12) -> 48 | C13: =B13/B13 -> 1 | D13: =SUM(D4:D12) -> 40

Sheet Por pais (aprox.)
A1: Huella de la diaspora (aproximada)
A2: Inferido de dominios de correo y codigos telefonicos. Verificar con el perfil de cada persona.
A4: Pais | B4: Personas | C4: % del total
A5: Venezuela | B5: =COUNTIF(Inventario!$E$5:$E$52,A5) -> 25 | C5: =B5/$B$19 -> 0.52083333
A6: Espana | B6: =COUNTIF(Inventario!$E$5:$E$52,A6) -> 5 | C6: =B6/$B$19 -> 0.10416667
A7: Suiza | B7: =COUNTIF(Inventario!$E$5:$E$52,A7) -> 3 | C7: =B7/$B$19 -> 0.0625
A8: Austria | B8: =COUNTIF(Inventario!$E$5:$E$52,A8) -> 2 | C8: =B8/$B$19 -> 0.041666667
A9: Brasil | B9: =COUNTIF(Inventario!$E$5:$E$52,A9) -> 2 | C9: =B9/$B$19 -> 0.041666667
A10: EE. UU. | B10: =COUNTIF(Inventario!$E$5:$E$52,A10) -> 2 | C10: =B10/$B$19 -> 0.041666667
A11: Paises Bajos | B11: =COUNTIF(Inventario!$E$5:$E$52,A11) -> 2 | C11: =B11/$B$19 -> 0.041666667
A12: Alemania | B12: =COUNTIF(Inventario!$E$5:$E$52,A12) -> 1 | C12: =B12/$B$19 -> 0.020833333
A13: Argentina | B13: =COUNTIF(Inventario!$E$5:$E$52,A13) -> 1 | C13: =B13/$B$19 -> 0.020833333
A14: Belgica | B14: =COUNTIF(Inventario!$E$5:$E$52,A14) -> 1 | C14: =B14/$B$19 -> 0.020833333
A15: Chile | B15: =COUNTIF(Inventario!$E$5:$E$52,A15) -> 1 | C15: =B15/$B$19 -> 0.020833333
A16: Francia | B16: =COUNTIF(Inventario!$E$5:$E$52,A16) -> 1 | C16: =B16/$B$19 -> 0.020833333
... A18: Peru | B18: =COUNTIF(Inventario!$E$5:$E$52,A18) -> 1 | C18: =B18/$B$19 -> 0.020833333
A19: TOTAL | B19: =SUM(B5:B18) -> 48 | C19: =B19/B19 -> 1
